{
  "all gather": [
    [
      0.25,
      0.5,
      1.0,
      2.0,
      4.0,
      8.0,
      16.0,
      32.0,
      64.0,
      128.0,
      256.0,
      512.0
    ],
    [
      0.0007568836212158203,
      0.0007002830505371093,
      0.0007263660430908203,
      0.0007683753967285157,
      0.0008181095123291016,
      0.0009009361267089844,
      0.0008710384368896485,
      0.0011073827743530273,
      0.00132598876953125,
      0.0018424749374389648,
      0.002922821044921875,
      0.005091261863708496
    ]
  ],
  "all reduce": [
    [
      0.25,
      0.5,
      1.0,
      2.0,
      4.0,
      8.0,
      16.0,
      32.0,
      64.0,
      128.0,
      256.0,
      512.0
    ],
    [
      0.0001537322998046875,
      0.0001667022705078125,
      0.00018396377563476563,
      0.00022487640380859376,
      0.0005011320114135742,
      0.00040619373321533204,
      0.00041749477386474607,
      0.0006366968154907227,
      0.0008751630783081054,
      0.0016357183456420898,
      0.00281984806060791,
      0.005467009544372558
    ]
  ],
  "reduce scatter": [
    [
      0.25,
      0.5,
      1.0,
      2.0,
      4.0,
      8.0,
      16.0,
      32.0,
      64.0,
      128.0,
      256.0,
      512.0
    ],
    [
      0.0009616374969482422,
      0.0008935928344726562,
      0.0009247541427612304,
      0.0008810997009277344,
      0.0009346246719360351,
      0.0009841203689575195,
      0.0010200738906860352,
      0.0012418031692504883,
      0.0014723777770996095,
      0.001923823356628418,
      0.002941608428955078,
      0.0050580501556396484
    ]
  ],
  "all to all": [
    [
      0.25,
      0.5,
      1.0,
      2.0,
      4.0,
      8.0,
      16.0,
      32.0,
      64.0,
      128.0,
      256.0,
      512.0
    ],
    [
      0.0005378484725952149,
      0.0005496501922607422,
      0.0005365371704101563,
      0.0005259037017822266,
      0.0005403518676757813,
      0.0005397558212280274,
      0.0005373716354370117,
      0.0005512714385986328,
      0.0005965471267700195,
      0.000803828239440918,
      0.0011274337768554688,
      0.001718592643737793
    ]
  ]
}
