{
  "all gather": [
    [
      0.25,
      0.5,
      1.0,
      2.0,
      4.0,
      8.0,
      16.0,
      32.0,
      64.0,
      128.0,
      256.0,
      512.0
    ],
    [
      0.00047366619110107423,
      0.0004703760147094727,
      0.0004788875579833984,
      0.0005095481872558593,
      0.0004987716674804688,
      0.0005119085311889648,
      0.0006889581680297851,
      0.0009741544723510742,
      0.0015397071838378906,
      0.002678585052490234,
      0.0050097227096557615,
      0.009758901596069337
    ]
  ],
  "all reduce": [
    [
      0.25,
      0.5,
      1.0,
      2.0,
      4.0,
      8.0,
      16.0,
      32.0,
      64.0,
      128.0,
      256.0,
      512.0
    ],
    [
      0.00016224384307861328,
      0.00016684532165527343,
      0.00019915103912353515,
      0.0002106904983520508,
      0.00026621818542480467,
      0.00036542415618896485,
      0.0005738735198974609,
      0.0009899616241455078,
      0.0018474102020263673,
      0.003551936149597168,
      0.006996250152587891,
      0.013917374610900878
    ]
  ],
  "reduce scatter": [
    [
      0.25,
      0.5,
      1.0,
      2.0,
      4.0,
      8.0,
      16.0,
      32.0,
      64.0,
      128.0,
      256.0,
      512.0
    ],
    [
      0.0005039691925048829,
      0.0005405664443969727,
      0.0005137443542480469,
      0.0005560636520385743,
      0.0006148099899291992,
      0.0006127595901489258,
      0.0007145166397094727,
      0.0009651422500610351,
      0.001480269432067871,
      0.00257718563079834,
      0.0047527790069580075,
      0.009169626235961913
    ]
  ],
  "all to all": [
    [
      0.25,
      0.5,
      1.0,
      2.0,
      4.0,
      8.0,
      16.0,
      32.0,
      64.0,
      128.0,
      256.0,
      512.0
    ],
    [
      0.0002892017364501953,
      0.00029306411743164064,
      0.0002937793731689453,
      0.0002928495407104492,
      0.0002915620803833008,
      0.0004178762435913086,
      0.0003500223159790039,
      0.0004662752151489258,
      0.0005607128143310547,
      0.0008365631103515625,
      0.0013719320297241211,
      0.0024344682693481444
    ]
  ]
}
