{
  "all gather": [
    [
      0.25,
      0.5,
      1.0,
      2.0,
      4.0,
      8.0,
      16.0,
      32.0,
      64.0,
      128.0,
      256.0,
      512.0
    ],
    [
      0.00024454593658447267,
      0.00024988651275634763,
      0.0002572059631347656,
      0.0002519130706787109,
      0.00026090145111083983,
      0.0002851247787475586,
      0.0003421306610107422,
      0.0004983425140380859,
      0.000761103630065918,
      0.00133059024810791,
      0.0024867534637451174,
      0.004799938201904297
    ]
  ],
  "all reduce": [
    [
      0.25,
      0.5,
      1.0,
      2.0,
      4.0,
      8.0,
      16.0,
      32.0,
      64.0,
      128.0,
      256.0,
      512.0
    ],
    [
      9.734630584716797e-05,
      9.603500366210938e-05,
      0.00010254383087158204,
      0.00010678768157958984,
      0.00012938976287841798,
      0.00016248226165771484,
      0.00023658275604248046,
      0.0003794431686401367,
      0.0006722688674926757,
      0.001253032684326172,
      0.002414846420288086,
      0.004711151123046875
    ]
  ],
  "reduce scatter": [
    [
      0.25,
      0.5,
      1.0,
      2.0,
      4.0,
      8.0,
      16.0,
      32.0,
      64.0,
      128.0,
      256.0,
      512.0
    ],
    [
      0.00020804405212402344,
      0.0002099752426147461,
      0.00021717548370361328,
      0.00022215843200683593,
      0.0002355337142944336,
      0.0002671480178833008,
      0.0003258228302001953,
      0.00046095848083496096,
      0.0007699251174926758,
      0.0014074087142944337,
      0.0025737762451171877,
      0.004897451400756836
    ]
  ],
  "all to all": [
    [
      0.25,
      0.5,
      1.0,
      2.0,
      4.0,
      8.0,
      16.0,
      32.0,
      64.0,
      128.0,
      256.0,
      512.0
    ],
    [
      0.00021393299102783202,
      0.00020859241485595703,
      0.00022313594818115234,
      0.00024058818817138672,
      0.0002853870391845703,
      0.0003378629684448242,
      0.0004602193832397461,
      0.0006934881210327148,
      0.0012228965759277343,
      0.0022298812866210936,
      0.0039789676666259766,
      0.007758593559265137
    ]
  ]
}
