{
  "all gather": [
    [
      0.25,
      0.5,
      1.0,
      2.0,
      4.0,
      8.0,
      16.0,
      32.0,
      64.0,
      128.0,
      256.0,
      512.0
    ],
    [
      0.00028171539306640623,
      0.0002959251403808594,
      0.00030524730682373046,
      0.0003502368927001953,
      0.0004027366638183594,
      0.0005098581314086914,
      0.0007292509078979492,
      0.0011570215225219726,
      0.0020204782485961914,
      0.0038918256759643555,
      0.007619047164916992,
      0.014976143836975098
    ]
  ],
  "all reduce": [
    [
      0.25,
      0.5,
      1.0,
      2.0,
      4.0,
      8.0,
      16.0,
      32.0,
      64.0,
      128.0,
      256.0,
      512.0
    ],
    [
      0.0001232624053955078,
      0.00012753009796142578,
      0.00014941692352294923,
      0.00019860267639160156,
      0.00030059814453125,
      0.0004938364028930664,
      0.0008866548538208008,
      0.0016759634017944336,
      0.0032621145248413084,
      0.006457090377807617,
      0.012811422348022461,
      0.025483202934265137
    ]
  ],
  "reduce scatter": [
    [
      0.25,
      0.5,
      1.0,
      2.0,
      4.0,
      8.0,
      16.0,
      32.0,
      64.0,
      128.0,
      256.0,
      512.0
    ],
    [
      0.0002853631973266602,
      0.00028748512268066405,
      0.00030829906463623045,
      0.0003508090972900391,
      0.0004006624221801758,
      0.0005053281784057617,
      0.0007104158401489257,
      0.001131153106689453,
      0.0020192861557006836,
      0.003987717628479004,
      0.007789778709411621,
      0.015131282806396484
    ]
  ],
  "all to all": [
    [
      0.25,
      0.5,
      1.0,
      2.0,
      4.0,
      8.0,
      16.0,
      32.0,
      64.0,
      128.0,
      256.0,
      512.0
    ],
    [
      0.00024099349975585936,
      0.00023865699768066406,
      0.00023796558380126954,
      0.00024230480194091796,
      0.0002443075180053711,
      0.0003082513809204102,
      0.0004188776016235352,
      0.000558161735534668,
      0.0008316516876220703,
      0.0013772964477539063,
      0.002527189254760742,
      0.004883217811584473
    ]
  ]
}
